segment_id,duration_sec,bpm,key,genre,mood,time_signature,mfcc_mean_1,mfcc_mean_2,mfcc_mean_3,mfcc_mean_4,mfcc_mean_5,mfcc_mean_6,mfcc_mean_7,mfcc_mean_8,mfcc_mean_9,mfcc_mean_10,mfcc_mean_11,mfcc_mean_12,mfcc_mean_13,chroma_1,chroma_2,chroma_3,chroma_4,chroma_5,chroma_6,chroma_7,chroma_8,chroma_9,chroma_10,chroma_11,chroma_12,spectral_contrast_1,spectral_contrast_2,spectral_contrast_3,spectral_contrast_4,spectral_contrast_5,spectral_contrast_6,spectral_contrast_7,tempo_confidence,beat_count,zero_crossing_rate,spectral_centroid,spectral_bandwidth,spectral_rolloff
seg_001,12.48,83,E_minor,jazz,sad,4/4,0.6803020951477321,0.22209698961244959,0.9356971637727257,0.9010087888560545,0.17506796117355017,0.24929336481910142,1.2456763919707317,1.168893325969468,-0.03506341080911632,0.785514460206594,0.36070572245581134,-0.1864144640651307,0.7285259876844554,0.17052412368729153,0.06505159298527952,0.9488855372533332,0.9656320330745594,0.8083973481164611,0.3046137691733707,0.09767211400638387,0.6842330265121569,0.4401524937396013,0.12203823484477883,0.4951769101112702,0.034388521115218396,0.9093204020787821,0.2587799816000169,0.662522284353982,0.31171107608941095,0.5200680211778108,0.5467102793432796,0.18485445552552704,0.8787665285083384,17,0.05212448990062096,1754.2423599454396,5319.355377291725,7712.154306899049
seg_002,12.76,94,E_minor,jazz,calm,4/4,-0.8820894786491281,1.3561202265982226,0.8579289098916427,0.14089154034005213,-0.145029730671042,0.07620043327112047,0.3469352396502628,0.4986877825610936,1.2998314597954037,0.24585379651832107,-0.5230543491370944,0.2779110442225272,0.6705622856674353,0.6232981268275579,0.3308980248526492,0.06355835028602363,0.3109823217156622,0.32518332202674705,0.7296061783380641,0.6375574713552131,0.8872127425763265,0.4722149251619493,0.1195942459383017,0.713244787222995,0.7607850486168974,0.5612771975694962,0.770967179954561,0.49379559636439074,0.5227328293819941,0.42754101835854963,0.02541912674409519,0.10789142699330445,0.9593951182090646,19,0.09121985789594939,1493.9113642045807,2012.9322701085587,4952.108787939066
seg_003,14.49,138,D_minor,rock,energetic,4/4,0.9360825326090634,0.389838566682717,0.8533205434318136,-0.09769315737695317,0.20816753105310792,0.28860821028355,0.9668821849126997,0.16797267948943262,0.4137679644758993,0.6098520614640752,0.46465318938222777,0.675122857407408,0.1525309012652596,0.22210781047073025,0.1198653673336828,0.33761517140362796,0.9429097039125192,0.32320293202075523,0.5187906217433661,0.7030189588951778,0.363629602379294,0.9717820827209607,0.9624472949421112,0.25178229582536416,0.49724850589238545,0.30087830981676966,0.2848404943774676,0.036886947354532795,0.6095643339798968,0.5026790232288615,0.05147875124998935,0.27864646423661144,0.9488044268116658,33,0.013967808561914503,2000.6696158152645,2784.9179642102135,7898.98976914418
seg_004,9.13,136,F_major,rock,happy,4/4,0.34692348661108635,0.7391220131986767,0.47155373613854207,0.16916262554723258,-0.5435638772550021,1.1623043504457522,1.0535308781856694,0.4121038024493796,0.057399330901911516,0.9278929306659875,-0.055752740986690585,0.4677949759051266,1.7861655510074552,0.3867353463005374,0.9367299887367345,0.13752094414599325,0.3410663510502585,0.11347352124058907,0.9246936182785628,0.877339353380981,0.2579416277151556,0.659984046034179,0.8172222002012158,0.5552008115994623,0.5296505783560065,0.24185229090045168,0.09310276780589921,0.8972157579533268,0.9004180571633305,0.6331014572732679,0.3390297910487007,0.3492095746126609,0.7346025255554283,20,0.09733605499200053,1535.7034485173908,7775.2058945693325,4327.331812614843
seg_005,8.76,135,D_minor,jazz,energetic,4/4,0.5863704809677166,0.8949837417346171,0.7748793242201529,1.0224475152426657,0.31760053151109796,0.6844354519159734,0.2402110044774331,0.010540094046249615,1.1980896232541038,0.48090610383497734,0.3773588061511213,0.7213745289836753,0.40470572006345257,0.6311386259972629,0.7948113035416484,0.5026370931051921,0.5769038846263591,0.4925176938188639,0.1952429877980445,0.7224521152615053,0.2807723624408558,0.02431596643145384,0.6454722959071678,0.17711067940704894,0.9404585843529143,0.9539285770025874,0.9148643902204485,0.3701587002554444,0.015456616528867428,0.9283185625877254,0.42818414831731433,0.9666548190436696,0.9850118825329468,19,0.09022833332293934,2837.9569682852884,6315.643767655803,5523.89082412201
seg_006,13.81,150,A_minor,classical,energetic,4/4,1.2709153737991814,0.31737175872000195,-0.060407871347664344,0.4792266079535987,0.7876905483814913,0.40063871632959536,0.1864917661225196,0.8967038576047718,1.0597310084445222,0.4713118344559048,0.5882049518337018,0.5306206539101995,0.2268100300514636,0.6499639307777652,0.7019668772577033,0.795792669436101,0.8900053418175663,0.3379951568515358,0.375582952639944,0.093981939840869,0.578280140996174,0.035942273796742086,0.46559801813246016,0.5426446347075766,0.2865412521282844,0.5908332605690108,0.03050024993904943,0.03734818874921442,0.8226005606596583,0.3601906414112629,0.12706051265188478,0.5222432600548044,0.7649153919635817,34,0.05357787284914379,3173.7550032791546,7859.6421372983405,5623.184345543039
seg_007,9.98,92,G_major,jazz,sad,4/4,-0.3323011112145266,1.302447289145263,0.4707968046536375,0.8042035008846854,0.43173886436617676,-0.15250585373206277,1.2284090873337488,0.567202409323601,-0.4633446286226831,0.8078230800847761,0.3293041443335373,0.7061505643440549,0.5586049114468438,0.7378969166957685,0.5543540525114007,0.6117207462343522,0.4196000624277899,0.24773098950115746,0.3559726786512616,0.7578461104643691,0.014393488629755868,0.11607264050691624,0.04600264202175275,0.040728802318970136,0.8554605840110072,0.7036578593800237,0.4741738290873252,0.09783416065100148,0.49161587511683236,0.4734717707805657,0.17320186991001518,0.43385164923797304,0.9377885698697235,15,0.06355396335874643,3472.720903960028,7527.155173805829,5195.767243368688
seg_008,11.28,118,E_minor,rock,calm,4/4,-0.030856910191827694,1.401981233239281,0.22515955244464125,0.3554519345273871,0.4535402148495676,1.363924862975411,-0.25967818509820306,1.1271986653934147,0.9465813392863187,-0.10465168772320121,1.1922423009555496,1.0048804897427988,-0.1043173037901009,0.06936130087516545,0.10077800137742665,0.018221825651549728,0.0944429607559284,0.6830067734163568,0.07118864846022899,0.3189756302937613,0.8448753109694546,0.023271935735825866,0.8144684825889358,0.28185477477339993,0.11816482762165625,0.6967371653641506,0.628942846779884,0.877472013527053,0.7350710438038858,0.8034809303848486,0.2820345725713065,0.17743954377972282,0.9129348475300777,22,0.037967512455400164,1041.0233933981822,4447.944123739415,4123.503297278923
seg_009,13.00,94,A_minor,pop,sad,4/4,0.6936964035922426,1.200708361212933,0.37875088175208904,0.06950134313468936,1.544214424313476,-0.2044990176317814,0.5928623281754338,0.848965640833858,0.841766545323946,1.1228263141168813,1.0445453866638141,0.855200339978639,0.9459501752752291,0.32866454536991596,0.6725184560770384,0.75237452943768,0.7915790437258485,0.7896181427945539,0.09120610304869037,0.49442030470258147,0.057558760016644284,0.5495288823237355,0.441530501373377,0.8877041827582998,0.3509150125520787,0.11706701642760586,0.14299168205283586,0.7615106317174722,0.6182180633162611,0.10112267612279024,0.08410680611499743,0.70096913145912,0.9609100940086646,21,0.08867713366488775,2320.9186293120315,5155.706520845369,5284.640372371211
seg_010,13.06,132,E_minor,classical,happy,4/4,0.021855565583798593,0.23314148918496488,0.1723282443606555,-0.6052242544805901,-0.5862056404111727,0.28998819148984556,0.6393213034094997,0.7388225478961619,1.699850656949318,0.8037003911247138,0.20574282130014718,0.8590910242381159,-0.2776688437994518,0.9632225394406113,0.012154474689816341,0.969878826707639,0.04315991195057611,0.8911431136980711,0.5277011090862999,0.9929647961193003,0.07379656473539886,0.5538542844013208,0.969302535619099,0.5230978441701488,0.6293986381352625,0.6957486889846172,0.45454106476777323,0.6275580800840634,0.5843143119231002,0.901158010490989,0.04544638034145787,0.2809631895922303,0.9323105733414461,28,0.08097793788498485,2787.94490552326,3663.6490758540976,7920.140659238695
seg_011,14.91,149,D_minor,classical,happy,4/4,2.0058286511026786,0.41838810024559325,0.5299389922015361,0.4260231856663489,-0.4485326662191136,0.15536552545023835,0.5531621525771643,0.9412607827385122,0.21609665799476913,0.9644523941051951,0.8516752859710748,0.5221015029506313,0.5380687936407655,0.15041689110352818,0.5941307153521351,0.3808908566310215,0.9699143978146032,0.8421189231357087,0.8383287047111379,0.4686931597949703,0.4148195023376652,0.27340707193070624,0.056375496650927115,0.8647223762550532,0.8129010091300776,0.9997176732861306,0.9966368370739054,0.5554317056026274,0.7689874151805105,0.944765729882428,0.8496473906774115,0.24734810174319766,0.7308413583333289,37,0.03303713998015569,1520.4970673262844,2917.218734035579,6795.7619002278525
seg_012,8.53,160,A_minor,rock,energetic,4/4,0.7661230868652462,0.31837128562724293,0.4807170962638388,0.6210857873913357,1.1338730196877196,0.7592903052568419,-0.4283058174682939,-0.7382744090544722,1.3939756666228735,0.7864665573432605,0.32983649982094676,0.9885401492701722,0.1942087927331991,0.014544665667881929,0.350587558806597,0.5899176868546331,0.3922440450997323,0.43747492202372906,0.9041586944937484,0.34825546702330035,0.5139894891598108,0.7836530127411431,0.39654278232127016,0.6220867002278735,0.8623637087467452,0.9495206236576421,0.14707348092903794,0.9265876251614944,0.4921162930795382,0.25824438829895835,0.4591357562382613,0.980032575285477,0.8091693879057138,22,0.09261431102052645,2162.249678569348,6646.788731442412,6394.4886027979055
seg_013,8.37,160,E_minor,jazz,happy,4/4,-0.8567105657431915,0.04414251400066141,-0.5315988791518258,0.7956150424477451,0.3896328414542166,-0.10567003211560216,0.2464838121865101,0.1607880676848895,0.007972591204512998,1.2769815591596618,0.1350373663231359,0.3337822897077941,0.6084498149205568,0.9208724005318132,0.06107795985486375,0.2768776481472037,0.8062012797930613,0.7482596903836584,0.18452101935637732,0.2093493233367103,0.370472102791382,0.4845229851910213,0.618254771530296,0.3689136395697724,0.4625347161331479,0.7474709381337565,0.0366832028905979,0.25243694434402075,0.7133495858845524,0.8952068376871993,0.5116774421156661,0.5321134852653157,0.9450673718743721,22,0.08211333017363928,1415.1956038102935,3500.0192695340425,6205.895181022235
seg_014,14.12,150,C_major,pop,calm,4/4,-0.3095161280437484,0.4731477460781645,0.10907089772066625,-0.057783685944456264,0.5333913641632909,-0.2505950698465879,-0.4273509490001126,0.03979585427737181,0.10514323952440374,1.4143491222051943,0.7969166043725715,0.982528928134671,1.3457468888019002,0.23722679173599448,0.10178247262040374,0.15285913918433203,0.24595772838450813,0.16068137325955567,0.18656702405130576,0.2850951686938471,0.17337359529475482,0.8967654246264252,0.08023374566164221,0.5245113895702547,0.4103968269896615,0.9823786169086064,0.11203890216805235,0.39785559904574164,0.9694704332753689,0.8655071258939803,0.8170720709492799,0.25790282704493983,0.8895864826039427,35,0.06175427117775703,3155.632983377058,3747.6319266515475,3007.821679666995
seg_015,10.47,153,A_minor,classical,happy,4/4,0.5390891470524461,0.09246059902333675,0.20402886798881525,0.856833663540712,-0.3021132080091,0.32350363301239443,0.005292398720997238,0.4197140112355539,-0.3182546077984907,0.08751918205768572,-0.49141737396685836,0.8339169191853258,0.3845019056245048,0.6815027222239293,0.7602278598896866,0.5956387406078443,0.47157618855015837,0.41184091414726853,0.3488682665429953,0.9295291442478258,0.8306194077877291,0.9650269106665126,0.12429722348554473,0.7308674752036443,0.9383404568210378,0.18123306616566015,0.0664962673667775,0.741120649290059,0.5744731131799119,0.8418287767582721,0.1397723766262895,0.7952673118598902,0.7078852080424797,26,0.05986192935336356,2106.733496503662,6821.970357731519,5758.234669632137
seg_016,12.28,91,C_major,jazz,energetic,4/4,0.010521473117402147,0.05757476212789531,0.5313302862664406,0.6999464612816275,0.021720454736685824,1.044462001722775,1.421591620695931,0.9791152128298348,0.7434603448806264,1.2248449569959645,-0.08713964580241162,-0.0792301439754518,0.12366489761271582,0.3349056146570861,0.13927207266338726,0.794025189270296,0.6200727559285135,0.5334610919763215,0.8938925830509576,0.7885972112245307,0.15167487973275118,0.31172206779554823,0.24848913981446574,0.743946292572677,0.03353243473577938,0.5698896848713165,0.7624586857406905,0.8767656367617495,0.34208174871590746,0.8212573046720129,0.11063173695520723,0.8464522917345182,0.9900059891657427,18,0.029362998027361704,2058.685266569066,2303.2424277673513,5474.471017625881
seg_017,14.18,140,D_minor,pop,happy,4/4,0.32706833599744706,0.45790148172066164,-0.0687952269219756,0.7748800785392234,0.8843829872071419,0.15037157334583512,0.4529131438736706,1.549942838346627,1.138835734095463,1.503531089868242,0.30975622432510574,0.30017202952158717,-0.18212149013874068,0.15253904291426135,0.5762883601668132,0.6067150463828559,0.424130671302386,0.7364442356247228,0.9343670147690148,0.9255685129067763,0.4508393714041321,0.11323804584075525,0.9848411989623346,0.8388980864459341,0.12466268120326685,0.9208418826173723,0.8698963620621283,0.5188380571260721,0.5912754357449292,0.39900270387013026,0.05476163882203133,0.3351972416459009,0.852194495860389,33,0.05587426906757493,2469.5399561987774,5377.5455638672665,5374.462999990166
seg_018,8.12,122,E_minor,pop,energetic,4/4,1.2463899284840712,-0.08712673812553584,0.08741756513521537,0.7739791910975904,0.6172473338722454,-0.012716161950996563,-0.6344449294434744,0.4956450223716465,1.012546729514448,0.8312746417876528,-0.6029087488059401,0.29175259168405154,-0.05101211679519138,0.9968742518459474,0.5021950103312426,0.5953850173200438,0.06707647738842748,0.7499604703991778,0.20990559309558576,0.8980542894407137,0.20513964048200717,0.19068772066366657,0.03654966784809488,0.47206694510999925,0.5648411332626164,0.06570863942835237,0.7755276166950106,0.4532888347480276,0.52439026932758,0.44076274693822814,0.400763060875326,0.5596403313082179,0.9618453126736961,16,0.07622535441418132,1186.8438580432958,2828.494914711261,4036.7085248562234
seg_019,10.28,141,F_major,rock,calm,4/4,-0.07190240428082922,0.057451758001558356,0.018511084496748542,0.4667881243108481,0.2749319418340772,1.2733187513302662,1.1359243331443767,0.8407618429129003,0.6539837622826308,0.33180993291250516,-0.2492582096291508,0.33019581146842714,-0.4031776492999454,0.026532203873819715,0.18143543508979731,0.5830415609696922,0.42142455059249795,0.8926717110769748,0.8174435617384409,0.34181735169787597,0.2594234334312925,0.3796924081672669,0.5902949425148077,0.26806364082287626,0.624148907849134,0.4094116521912404,0.5520471808519802,0.4361265291353167,0.29446575954191767,0.9484533069621567,0.7636057941597608,0.14011317576645255,0.822072235464065,24,0.09415288887365364,3635.1988645426845,4864.691122645379,3997.2798733380087
seg_020,14.00,121,D_minor,pop,happy,4/4,1.3409013957897462,0.5068728310902616,0.7233302268565642,0.32942115085038876,0.09354155727840553,0.7324927004535711,0.0892782710296074,0.7304173599602831,-0.5810289756411068,-0.1199147085370631,1.0230524353632218,0.9151745227711725,0.11442960358426364,0.010995828658480478,0.13688563006880727,0.9000186418481051,0.8738900775625152,0.5974131021703083,0.6005168604336534,0.6650366745462555,0.1753712786234496,0.9144119459249598,0.4187705248920731,0.38313852824949746,0.5189177052828375,0.046965966775055046,0.1662833687560794,0.7380336164263704,0.08279866792512647,0.6031521094663882,0.24534910968132095,0.38929561404197655,0.9261269955344371,29,0.09586313403894213,1905.837519074844,6337.295170405984,3057.17867097084
